post_id,post_title
1648732-gb1v6t-857578saved_model.pb,Recommender System: saved_model.pb
1648732-livtx8-857864model.py,Recommender System: model.py
1648732-s8b8pj-857721Makefile,Recommender System: Makefile
1648732-uasm6u-857433_32_.png,Recommender System: _32_.png
1648733-5h2ray-116050movie.mp4,Video and Image Support: movie.mp4
1648733-fw03dh-002693README.md,README of Team3 Journal System: README.md
1648733-h06nvf-116197RS_LAYERS.png,Video and Image Support: RS_LAYERS.png
1648733-p8psvo-115897movie.webm,Video and Image Support: movie.webm
1648733-y4yckp-429710L03-sdc.mp4,CS5010 Lectures Video: L03-sdc.mp4
1648734-18586o-855789example-2.fsm,Finite State Machine CS2001: example-2.fsm
1648734-9nhx3x-031887Deliverable1.md,CS3099 Requirements: Deliverable1.md
1648734-cs2wm7-855610example-1.fsm,Finite State Machine CS2001: example-1.fsm
1648734-eipntz-032034Deliverable2.md,CS3099 Requirements: Deliverable2.md
1648734-gxsl3p-438246P2Main.java,CS3105 ANN Example: P2Main.java
1648734-i21ita-269343Natural-Deduction-Ex1.png,CS3050 Natural Deduction: Natural-Deduction-Ex1.png
1648734-iv02dd-438393example.json,CS3105 ANN Example: example.json
1648734-ldofx3-269646Natural-Deduction-Ex3.png,CS3050 Natural Deduction: Natural-Deduction-Ex3.png
1648734-lqgj7j-032330Deliverable4.md,CS3099 Requirements: Deliverable4.md
1648734-s6gfxn-032180Deliverable3.md,CS3099 Requirements: Deliverable3.md
1648734-ssku5l-438538ANN.java,CS3105 ANN Example: ANN.java
1648734-tt6k5y-269486Natural-Deduction-Ex2.png,CS3050 Natural Deduction: Natural-Deduction-Ex2.png
1648735-3a67dt-662280Parsing.hs,CS2006 Haskell Example: Parsing.hs
1648735-41jm3e-662427Expr.hs,CS2006 Haskell Example: Expr.hs
1648735-99yzvn-662569Main.hs,CS2006 Haskell Example: Main.hs
1648735-ewbzq3-248432UdpClient1.java,CS2003 UDP Example: UdpClient1.java
1648735-m4t11v-837519UdpSocket.c,CS3102 UDP: UdpSocket.c
1648735-r6gnv5-248287UdpChat.java,CS2003 UDP Example: UdpChat.java
1648735-tyhrzc-837664udp-server-1.c,CS3102 UDP: udp-server-1.c
1648735-xi3ylx-248580DNS and UDP.html,CS2003 UDP Example: DNS and UDP.html